--
-- PostgreSQL database dump
--

-- Dumped from database version 10.21
-- Dumped by pg_dump version 13.1

-- Started on 2022-12-11 19:10:25

SET statement_timeout = 0;
SET lock_timeout = 0;
SET idle_in_transaction_session_timeout = 0;
SET client_encoding = 'UTF8';
SET standard_conforming_strings = on;
SELECT pg_catalog.set_config('search_path', '', false);
SET check_function_bodies = false;
SET xmloption = content;
SET client_min_messages = warning;
SET row_security = off;

SET default_tablespace = '';

--
-- TOC entry 199 (class 1259 OID 33439)
-- Name: category; Type: TABLE; Schema: public; Owner: postgres
--

CREATE TABLE public.category (
    id integer NOT NULL,
    name character varying(255)
);


ALTER TABLE public.category OWNER TO postgres;

--
-- TOC entry 198 (class 1259 OID 33437)
-- Name: category_id_seq; Type: SEQUENCE; Schema: public; Owner: postgres
--

ALTER TABLE public.category ALTER COLUMN id ADD GENERATED BY DEFAULT AS IDENTITY (
    SEQUENCE NAME public.category_id_seq
    START WITH 1
    INCREMENT BY 1
    NO MINVALUE
    NO MAXVALUE
    CACHE 1
);


--
-- TOC entry 201 (class 1259 OID 33446)
-- Name: image; Type: TABLE; Schema: public; Owner: postgres
--

CREATE TABLE public.image (
    id integer NOT NULL,
    file_name character varying(255),
    product_id integer NOT NULL
);


ALTER TABLE public.image OWNER TO postgres;

--
-- TOC entry 200 (class 1259 OID 33444)
-- Name: image_id_seq; Type: SEQUENCE; Schema: public; Owner: postgres
--

ALTER TABLE public.image ALTER COLUMN id ADD GENERATED BY DEFAULT AS IDENTITY (
    SEQUENCE NAME public.image_id_seq
    START WITH 1
    INCREMENT BY 1
    NO MINVALUE
    NO MAXVALUE
    CACHE 1
);


--
-- TOC entry 207 (class 1259 OID 33524)
-- Name: orders; Type: TABLE; Schema: public; Owner: postgres
--

CREATE TABLE public.orders (
    id integer NOT NULL,
    count integer NOT NULL,
    date_time timestamp without time zone,
    number character varying(255),
    price real NOT NULL,
    status integer,
    person_id integer NOT NULL,
    product_id integer NOT NULL
);


ALTER TABLE public.orders OWNER TO postgres;

--
-- TOC entry 206 (class 1259 OID 33522)
-- Name: orders_id_seq; Type: SEQUENCE; Schema: public; Owner: postgres
--

ALTER TABLE public.orders ALTER COLUMN id ADD GENERATED BY DEFAULT AS IDENTITY (
    SEQUENCE NAME public.orders_id_seq
    START WITH 1
    INCREMENT BY 1
    NO MINVALUE
    NO MAXVALUE
    CACHE 1
);


--
-- TOC entry 197 (class 1259 OID 25144)
-- Name: person; Type: TABLE; Schema: public; Owner: postgres
--

CREATE TABLE public.person (
    id integer NOT NULL,
    login character varying(100),
    password character varying(100),
    role character varying(255)
);


ALTER TABLE public.person OWNER TO postgres;

--
-- TOC entry 196 (class 1259 OID 25142)
-- Name: person_id_seq; Type: SEQUENCE; Schema: public; Owner: postgres
--

ALTER TABLE public.person ALTER COLUMN id ADD GENERATED BY DEFAULT AS IDENTITY (
    SEQUENCE NAME public.person_id_seq
    START WITH 1
    INCREMENT BY 1
    NO MINVALUE
    NO MAXVALUE
    CACHE 1
);


--
-- TOC entry 203 (class 1259 OID 33453)
-- Name: product; Type: TABLE; Schema: public; Owner: postgres
--

CREATE TABLE public.product (
    id integer NOT NULL,
    date_time timestamp without time zone,
    description text NOT NULL,
    price real NOT NULL,
    seller text NOT NULL,
    title text NOT NULL,
    warehouse text NOT NULL,
    category_id integer NOT NULL,
    CONSTRAINT product_price_check CHECK ((price >= (1)::double precision))
);


ALTER TABLE public.product OWNER TO postgres;

--
-- TOC entry 205 (class 1259 OID 33507)
-- Name: product_cart; Type: TABLE; Schema: public; Owner: postgres
--

CREATE TABLE public.product_cart (
    id integer NOT NULL,
    person_id integer,
    product_id integer
);


ALTER TABLE public.product_cart OWNER TO postgres;

--
-- TOC entry 204 (class 1259 OID 33505)
-- Name: product_cart_id_seq; Type: SEQUENCE; Schema: public; Owner: postgres
--

ALTER TABLE public.product_cart ALTER COLUMN id ADD GENERATED BY DEFAULT AS IDENTITY (
    SEQUENCE NAME public.product_cart_id_seq
    START WITH 1
    INCREMENT BY 1
    NO MINVALUE
    NO MAXVALUE
    CACHE 1
);


--
-- TOC entry 202 (class 1259 OID 33451)
-- Name: product_id_seq; Type: SEQUENCE; Schema: public; Owner: postgres
--

ALTER TABLE public.product ALTER COLUMN id ADD GENERATED BY DEFAULT AS IDENTITY (
    SEQUENCE NAME public.product_id_seq
    START WITH 1
    INCREMENT BY 1
    NO MINVALUE
    NO MAXVALUE
    CACHE 1
);


--
-- TOC entry 2846 (class 0 OID 33439)
-- Dependencies: 199
-- Data for Name: category; Type: TABLE DATA; Schema: public; Owner: postgres
--

INSERT INTO public.category (id, name) VALUES (1, 'Смартфоны');
INSERT INTO public.category (id, name) VALUES (2, 'Смарт-часы');
INSERT INTO public.category (id, name) VALUES (3, 'Планшеты');


--
-- TOC entry 2848 (class 0 OID 33446)
-- Dependencies: 201
-- Data for Name: image; Type: TABLE DATA; Schema: public; Owner: postgres
--

INSERT INTO public.image (id, file_name, product_id) VALUES (1, '5e62b5b1-6a21-4e91-8960-10cf6ce1b63e.xiaomi_redmi_9a_2_32gb_granite_gray.png', 1);
INSERT INTO public.image (id, file_name, product_id) VALUES (2, '2b799dd6-ac79-4650-96cd-ef0af9b400e2.xiaomi_redmi_9a_2_32gb_granite_gray_2.jpg', 1);
INSERT INTO public.image (id, file_name, product_id) VALUES (3, '1b505aae-50ae-48a1-b090-637b917ff881.xiaomi_redmi_9a_2_32gb_granite_gray_3.jpg', 1);
INSERT INTO public.image (id, file_name, product_id) VALUES (4, '4e932462-e50f-45dc-a6b3-5fd1b8a32969.xiaomi_redmi_9a_2_32gb_granite_gray_4.jpg', 1);
INSERT INTO public.image (id, file_name, product_id) VALUES (5, 'bd3a739f-7a9c-49e2-a41c-5b4bcd9f6b10.xiaomi_redmi_9a_2_32gb_granite_gray_5.jpg', 1);
INSERT INTO public.image (id, file_name, product_id) VALUES (6, '14cac042-c132-440c-af85-097f3b334ae0.xiaomi_amazfit_gtr_4_a2166_chernyy_1.png', 2);
INSERT INTO public.image (id, file_name, product_id) VALUES (7, '62535f1e-5e6c-4b4a-9682-7446551c0b70.xiaomi_amazfit_gtr_4_a2166_chernyy_2.png', 2);
INSERT INTO public.image (id, file_name, product_id) VALUES (8, '59056f2d-837f-4457-a16e-a865dbf48403.xiaomi_amazfit_gtr_4_a2166_chernyy_3.png', 2);
INSERT INTO public.image (id, file_name, product_id) VALUES (9, 'e1230a14-edb7-4a4c-9fe6-5bf042f83da8.xiaomi_amazfit_gtr_4_a2166_chernyy_4.png', 2);
INSERT INTO public.image (id, file_name, product_id) VALUES (10, '371508a2-58c0-4805-b2e8-ace3935e5f6d.xiaomi_amazfit_gtr_4_a2166_chernyy_1.png', 2);
INSERT INTO public.image (id, file_name, product_id) VALUES (11, 'c1afda45-70e1-48d9-b602-851c78b32992.2234214_1.jpg', 3);
INSERT INTO public.image (id, file_name, product_id) VALUES (12, '99123175-e31d-4520-a09b-d2a50ee9e156.2234214_1.jpg', 3);
INSERT INTO public.image (id, file_name, product_id) VALUES (13, 'bf9c3259-96d9-47be-8a12-83c8e53f4369.2234214_1.jpg', 3);
INSERT INTO public.image (id, file_name, product_id) VALUES (14, '381c3bae-2c8b-42fc-b616-a806bdb49983.2234214_1.jpg', 3);
INSERT INTO public.image (id, file_name, product_id) VALUES (15, '4955165f-25a3-4d3d-bc0c-91e4db94a56f.', 3);
INSERT INTO public.image (id, file_name, product_id) VALUES (16, '77628f72-8601-4757-a1ca-b8359632adcb.2073478_1.jpg', 4);
INSERT INTO public.image (id, file_name, product_id) VALUES (17, '24f2f34c-55cc-4629-a4cd-b2767b1959e0.2073478_2.jpg', 4);
INSERT INTO public.image (id, file_name, product_id) VALUES (18, 'a2a8fe61-0c86-4a49-ad93-99aa8a9cddfb.2073478_3.jpg', 4);
INSERT INTO public.image (id, file_name, product_id) VALUES (19, '86384610-5e2c-468a-978a-d6ce7c396ce4.2073478_1.jpg', 4);
INSERT INTO public.image (id, file_name, product_id) VALUES (20, 'f8a08c03-7239-4862-9f6f-72eec390e2ba.2073478_2.jpg', 4);
INSERT INTO public.image (id, file_name, product_id) VALUES (21, '73a2939d-828b-488b-a24f-8f045ced0ad3.poco_m4_pro_5g_6_128gb_siniy.jpg', 5);
INSERT INTO public.image (id, file_name, product_id) VALUES (22, 'c2ef3f17-c4cf-46bc-ab65-baf4c67a74dc.poco_m4_pro_5g_6_128gb_siniy.jpg', 5);
INSERT INTO public.image (id, file_name, product_id) VALUES (23, '8a88ba66-63e9-4b65-9556-315170587f1c.poco_m4_pro_5g_6_128gb_siniy.jpg', 5);
INSERT INTO public.image (id, file_name, product_id) VALUES (24, '7656c147-20d1-408b-ba6f-d7345494ec0e.poco_m4_pro_5g_6_128gb_siniy.jpg', 5);
INSERT INTO public.image (id, file_name, product_id) VALUES (25, 'fc8198c3-e06d-4468-a77c-8a602ea07347.poco_m4_pro_5g_6_128gb_siniy.jpg', 5);
INSERT INTO public.image (id, file_name, product_id) VALUES (26, '3b66d10b-1948-4480-a956-3e1a8ce576ee.lenovo_m10_fhd_plus_tb_x606x_10.3_4_64gb_lte_za5v0289ru_s (1).jpg', 6);
INSERT INTO public.image (id, file_name, product_id) VALUES (27, 'c1bb8db9-e7e3-4a65-b818-86e450e93bed.lenovo_m10_fhd_plus_tb_x606x_10.3_4_64gb_lte_za5v0289ru_seryy.jpg', 6);
INSERT INTO public.image (id, file_name, product_id) VALUES (28, 'fb2dc43c-972a-4489-96c7-85482c946c31.lenovo_m10_fhd_plus_tb_x606x_za5v0289ru_seryy_1.jpg', 6);
INSERT INTO public.image (id, file_name, product_id) VALUES (29, 'd7c81900-591c-48f8-baab-906410c20880.lenovo_m10_fhd_plus_tb_x606x_za5v0289ru_seryy_2.jpg', 6);
INSERT INTO public.image (id, file_name, product_id) VALUES (30, 'd753733a-6913-4e44-893b-32d75f2e8b27.lenovo_m10_fhd_plus_tb_x606x_10.3_4_64gb_lte_za5v0289ru_seryy.jpg', 6);
INSERT INTO public.image (id, file_name, product_id) VALUES (31, '5e8f3db2-73e9-48b7-ad38-b98aa07e2252.planshet_huawei_matepad_t_10_kids_edition_2_32gb_ciniy_229486.jpg', 7);
INSERT INTO public.image (id, file_name, product_id) VALUES (32, 'ab256edb-6062-4dc0-9946-8d56a7f80de5.planshet_huawei_matepad_t_10_kids_edition_2_32gb_ciniy_229486.jpg', 7);
INSERT INTO public.image (id, file_name, product_id) VALUES (33, '6e7c1653-842f-44ea-83df-5b2386a5e9fc.planshet_huawei_matepad_t_10_kids_edition_2_32gb_ciniy_229486.jpg', 7);
INSERT INTO public.image (id, file_name, product_id) VALUES (34, 'aefdfa9e-72a3-4c58-ad45-8d3578b71570.planshet_huawei_matepad_t_10_kids_edition_2_32gb_ciniy_229486.jpg', 7);
INSERT INTO public.image (id, file_name, product_id) VALUES (35, 'd312c101-5962-42cd-a349-4090cd222219.planshet_huawei_matepad_t_10_kids_edition_2_32gb_ciniy_229486.jpg', 7);
INSERT INTO public.image (id, file_name, product_id) VALUES (36, '56f88588-3709-4025-9005-f44ed42529ae.huawei_watch_gt_2_black_1.png', 8);
INSERT INTO public.image (id, file_name, product_id) VALUES (37, '9bfac65b-1c29-4040-b33c-8da7f88e2d27.huawei_watch_gt_2_black_2.png', 8);
INSERT INTO public.image (id, file_name, product_id) VALUES (38, 'ef3003bd-45a8-4761-ae2e-bdb5eae3caa8.huawei_watch_gt_2_black_3.png', 8);
INSERT INTO public.image (id, file_name, product_id) VALUES (39, '1a817eae-4423-45d7-a58e-804bfb148013.huawei_watch_gt_2_black_4.png', 8);
INSERT INTO public.image (id, file_name, product_id) VALUES (40, 'fa937105-87af-4478-8bfb-940f18ab184c.huawei_watch_gt_2_black_1.png', 8);
INSERT INTO public.image (id, file_name, product_id) VALUES (41, '23c8da78-d98e-476c-8667-338097c63c45.xiaomi_watch_s1_active_chernye_1.jpg', 9);
INSERT INTO public.image (id, file_name, product_id) VALUES (42, '0e0a9b36-cd50-43e8-af82-a1ab11b1a36e.xiaomi_watch_s1_active_chernye_2.jpg', 9);
INSERT INTO public.image (id, file_name, product_id) VALUES (43, '8aeaacd5-a666-4a5f-9397-856dc1dd0b40.xiaomi_watch_s1_active_chernye_3.jpg', 9);
INSERT INTO public.image (id, file_name, product_id) VALUES (44, '15e86e00-bc49-46cc-ac8d-229d0e77a9c3.xiaomi_watch_s1_active_chernye_4.jpg', 9);
INSERT INTO public.image (id, file_name, product_id) VALUES (45, 'af4a02cb-a2bb-4875-9c06-af665474f1b9.xiaomi_watch_s1_active_chernye_5.jpg', 9);


--
-- TOC entry 2854 (class 0 OID 33524)
-- Dependencies: 207
-- Data for Name: orders; Type: TABLE DATA; Schema: public; Owner: postgres
--

INSERT INTO public.orders (id, count, date_time, number, price, status, person_id, product_id) VALUES (1, 1, '2022-12-11 18:07:59.129', '87a1e999-20de-49c2-b56c-59e1d89ca0ed', 19990, 5, 2, 5);
INSERT INTO public.orders (id, count, date_time, number, price, status, person_id, product_id) VALUES (2, 1, '2022-12-11 18:07:59.153001', '87a1e999-20de-49c2-b56c-59e1d89ca0ed', 9990, 5, 2, 8);
INSERT INTO public.orders (id, count, date_time, number, price, status, person_id, product_id) VALUES (3, 1, '2022-12-11 18:08:36.258123', 'dd1049a0-f988-4c84-a88c-18bf921e4432', 27990, 5, 2, 3);
INSERT INTO public.orders (id, count, date_time, number, price, status, person_id, product_id) VALUES (4, 1, '2022-12-11 18:08:50.725951', 'd4c57db9-8727-4c29-b486-ef7077fadb01', 5990, 5, 2, 1);


--
-- TOC entry 2844 (class 0 OID 25144)
-- Dependencies: 197
-- Data for Name: person; Type: TABLE DATA; Schema: public; Owner: postgres
--

INSERT INTO public.person (id, login, password, role) VALUES (2, 'User1', '$2a$10$9bycakcfstsfBxKeOGYOmel5ylrZGu9InUuYSUgRj8msYNAN11hN.', 'ROLE_USER');
INSERT INTO public.person (id, login, password, role) VALUES (1, 'Admin', '$2a$10$fLn6pDPGY9TAuc54NIfZduJx6m8RmhAz4jOjBE6xeSkDhOBPBCDRC', 'ROLE_ADMIN');


--
-- TOC entry 2850 (class 0 OID 33453)
-- Dependencies: 203
-- Data for Name: product; Type: TABLE DATA; Schema: public; Owner: postgres
--

INSERT INTO public.product (id, date_time, description, price, seller, title, warehouse, category_id) VALUES (2, '2022-12-10 22:45:04.690599', 'Смарт-часы Amazfit GTR 4 оснащены круглым 1,43-дюймовый дисплеем AMOLED с разрешением 466 × 466 пикселей (плотность пикселей — 326 ppi). Устройство выполнено в корпусе из алюминиевого сплава. Батарея ёмкостью 475 мА·ч обеспечивает до 14 дней автономной работы. На восполнение её зарядка с помощью магнитной зарядной платформы требуется порядка двух часов. Смарт-часы обладают водонепроницаемостью 5 АТМ и поддерживают 154 спортивных режима. Имеющийся оптический сенсор 4PD BioTracker 4.0 PPG позволяет контролировать ЧСС, измерять уровень насыщения крови кислородом (SpO2), а также отслеживать качество сна, контролировать дыхание, уровень стресса. Смарт-часы работают под управлением операционной системы Zepp OS 2.0, поддерживают спутниковую навигацию GPS, GLONASS, GALILEO, QZSS, BeiDou и совместимы с устройствами на базе Android 7.0 и выше и iOS 12.0 и выше.', 12990, 'ДНС', 'Смарт-часы Amazfit GTR 4', 'Подольск', 2);
INSERT INTO public.product (id, date_time, description, price, seller, title, warehouse, category_id) VALUES (3, '2022-12-10 22:47:00.351214', 'Мощный. Простой в использовании и универсальный. iPad создан специально для ваших любимых занятий. Работайте, играйте, творите, учитесь, общайтесь и делайте множество других дел.
Благодаря чипу A13 Bionic новый iPad реагирует быстрее в любой ситуации: когда вы отправляете сообщения, ищете контент в интернете или используете одновременно несколько приложений. Графический процессор обрабатывает изображения и видео до 20 процентов быстрее. Поэтому он идеально подходит, чтобы играть в игры со сложной графикой и делать множество других дел.
На дисплее Retina 10,2 дюйма цвета отображаются ярко, а мельчайшие детали — удивительно чётко. Он идеален для просмотра фильмов и работы над вашим следующим шедевром.
Функция «В центре внимания» ещё больше приближает видеосвязь к реальному общению: вы будете оставаться в центре кадра, даже когда передвигаетесь по комнате. А ваши видео для соцсетей станут ещё интереснее.
В дополнение к функции «В центре внимания» сверх­широкоугольная фронтальная камера 12 Мп приятно удивит вас качеством фотографий, будь то селфи или групповые снимки. Широкоугольная камера 8 Мп на задней панели iPad снимает чёткие и яркие фото и видео. Многофункциональная камера на задней панели также позволяет сканировать документы и использовать иммерсивные приложения с дополненной реальностью.
', 27990, 'ТОП Электроникс', 'Планшет Apple iPad (2021) 10.2 Wi-Fi 64GB A2602 Серый космос', 'Воронеж', 3);
INSERT INTO public.product (id, date_time, description, price, seller, title, warehouse, category_id) VALUES (4, '2022-12-10 22:49:35.53409', 'Характеристики
Модель: Xiaomi Redmi Note 11 Платформа: Android Операционная система: Android 11 Кол-во SIM-карт: 2 шт. Тип SIM-карты: Nano-SIM Тип дисплея: AMOLED DotDisplay Диагональ дисплея: 6.43 " Разрешение дисплея: 2400х1080 пикс. Процессор: Qualcomm Snapdragon 680 Частота процессора: 2400 МГц Кол-во ядер процессора: 8 Видеопроцессор: Adreno 610 Камера (основная): 50+8+2+2 Мпикс. Камера (фронтальная): 13 Мпикс. Оперативная память: 4 Гб Встроенная память: 64 Гб Слот для карты памяти: да Функция беспроводной зарядки: нет Функция быстрой зарядки: да Сканер отпечатка пальцев: да NFC: да 5G: нет LTE: да Wi-Fi: 802.11g, 802.11n, 802.11ac, 802.11b Поддержка Bluetooth: v5.0 Сенсор распознавания лица: да Интерфейсы: NFC, Wi-Fi, Bluetooth Разъем для синхронизации: USB Type C Разъем для наушников: 3.5 мм FM-радио: да GPS/ГЛОНАСС-приемник: GPS, Глонасс Емкость аккумулятора: 5000 мАч Цвет: синий Материал корпуса: пластик Степень защиты: IP53 Размеры:159.87х73.87х8.09 мм Вес: 179 г 
Технические характеристики товара могут отличаться от указанных на сайте, уточняйте технические характеристики товара на момент покупки и оплаты. Вся информация на сайте о товарах носит справочный характер и не является публичной офертой в соответствии с пунктом 2 статьи 437 ГК РФ. Убедительно просим Вас при покупке проверять наличие желаемых функций и характеристик.
', 15990, 'ВНС', 'Смартфон Xiaomi Redmi Note 11 4/64GB Синие сумерки', 'Подольск', 1);
INSERT INTO public.product (id, date_time, description, price, seller, title, warehouse, category_id) VALUES (5, '2022-12-10 22:51:03.064096', 'Характеристики
Модель: POCO M4 Pro 5G Платформа: Android Операционная система: Android 11 Кол-во SIM-карт: 2 шт. Тип SIM-карты: Nano-SIM Тип дисплея: IPS Диагональ дисплея: 6.6 " Разрешение дисплея: 2400х1080 пикс. Процессор: MediaTek Dimensity 810 Частота процессора: 2400 МГц Кол-во ядер процессора: 8 Видеопроцессор: Mali-G57 Камера (основная):50+8 Мпикс. Камера (фронтальная): 16 Мпикс. Оперативная память: 6 Гб Встроенная память: 128 Гб Слот для карты памяти: да Поддержка карт памяти: micro SD до 1000 Гб Функция беспроводной зарядки: нет Функция быстрой зарядки: да Сканер отпечатка пальцев: да NFC: да 5G: да LTE: да Wi-Fi: 802.11g, 802.11n, 802.11ac, 802.11b Поддержка Bluetooth: v5.1 Сенсор распознавания лица: да Интерфейсы: NFC, Wi-Fi, Bluetooth Разъем для синхронизации: USB Type C Разъем для наушников: 3.5 мм FM-радио: да GPS/ГЛОНАСС-приемник: GPS, Глонасс, Galileo Емкость аккумулятора: 5000 мАч Цвет: синий Материал корпуса: пластик Степень защиты: нет Размеры: 163.56х75.78х8.75 мм Вес: 195 г 
Технические характеристики товара могут отличаться от указанных на сайте, уточняйте технические характеристики товара на момент покупки и оплаты. Вся информация на сайте о товарах носит справочный характер и не является публичной офертой в соответствии с пунктом 2 статьи 437 ГК РФ. Убедительно просим Вас при покупке проверять наличие желаемых функций и характеристик.
', 19990, 'Ситилинк', 'Смартфон POCO M4 Pro 5G 6/128GB Синий', 'Химки', 1);
INSERT INTO public.product (id, date_time, description, price, seller, title, warehouse, category_id) VALUES (6, '2022-12-10 22:53:31.254572', 'Lenovo TB-X606X M10 FHD Gen2 может похвастаться большим дисплеем с узкими рамками, которые дают вам 10,3 дюйма используемого пространства на экране (по сравнению с обычными 10,1 ", которые предлагают другие 10-дюймовые планшеты). Он также обеспечивает разрешение FHD, визуальные эффекты: благодаря восьмиъядерной обработке MediaTek и молниеносному Wi-Fi. Вы и ваша семья можете без проблем транслировать любимые шоу в любом месте.
Благодаря двум динамикам, профессионально настроенным на Dolby Atmos, на планшете все звучит лучше. От игр до фильмов и музыки - действительно захватывающие звуки, которые вы слышите и чувствуете, перенесут вас в центр событий.
Благодаря передовой технологии распознавания лиц вы можете разблокировать свое устройство, просто улыбнувшись. После настройки планшета он сможет распознать ваше лицо и мгновенно войти в систему.
Для самых маленьких и вашего душевного спокойствия есть Детский режим 4.0. Упакованный с веселым, безопасным для детей контентом, он имеет набор функций, которые позволяют вам контролировать то, что ваши дети видят и как долго. Он даже предлагает эргономичные функции, чтобы почувствовать, когда ваш ребенок не сидит должным образом для более здорового использования планшета.
', 23999, 'ДНС', 'Планшет Lenovo M10 FHD Plus TB-X606X 10.3" 4/64Gb LTE Серый', 'Подольск', 3);
INSERT INTO public.product (id, date_time, description, price, seller, title, warehouse, category_id) VALUES (7, '2022-12-10 22:54:49.988076', 'Детский планшет HUAWEI MatePad T 10 Kids Edition станет истинным любимцем каждого ребенка, ведь предоставляет массу возможностей для самообразования и времяпрепровождения. Ведущим элементом представленной модели является 8-ядерный процессор Kirin 710A, который гарантирует поразительное быстродействие при загрузке различных программ и приложений. Экран диагональю 9.7 дюймов транслирует изображения исключительной контрастности и детализации в максимальном разрешении 1280x800 пикселей.
Детский планшет HUAWEI MatePad T 10 Kids Edition комплектуется стилусом, который обеспечит безграничные возможности для творчества и реализации разнообразных идей. Расширить объем встроенной памяти в 32 ГБ вы сможете путем установки карты формата micro SD. Для доступа к необходимым ресурсам Всемирной паутины предусмотрен модуль Wi-Fi 4 (802.11n). На корпусе содержится прочная ручка, которая сыграет роль устойчивой подставки и обеспечит удобную транспортировку верного помощника.
', 14990, 'Ситилинк', 'Планшет HUAWEI MatePad T 10 Kids Edition 232Gb Cиний', 'Химки', 3);
INSERT INTO public.product (id, date_time, description, price, seller, title, warehouse, category_id) VALUES (8, '2022-12-10 22:56:12.199778', 'Смарт-часы HUAWEI WATCH GT 2 46mm представлены в черном корпусе обтекаемой формы и предусматривают в комплекте черный ремешок, посредством которого происходит фиксация устройства на руку. Тонкая рамка экрана позволяет получить еще больше пространства, где будет отображаться нужная информация. Для комфортного пользования модель предполагает сенсорное управление. На корпусе расположены два поворотных элемента, облегчающих настройку часов. Смарт-часы соответствуют стандарту IP68, подразумевающему защиту от пыли и влаги, что позволяет использовать устройство в любых условиях.
HUAWEI WATCH GT 2 46mm поддерживают подключение к смартфонам, функционирующим на основе систем iOS 9 и Android 4.4, а также более поздних и версиях. Технология Bluetooth обеспечивает быстрое и легкое подключение часов к смартфонам. Надевайте часы во время тренировки: они будут отслеживать вашу активность. Модель позволяет осуществлять мониторинг работы сердца, качество и продолжительность сна, измерять пульс и уровень стресса.
', 9990, 'Авито', 'Смарт-часы Huawei Watch GT 2 Черные', 'Москва', 2);
INSERT INTO public.product (id, date_time, description, price, seller, title, warehouse, category_id) VALUES (9, '2022-12-10 22:57:32.607377', 'Умные наручные часы Xiaomi Watch S1 Active, оснащены сенсорным 1,43-дюймовым дисплеем AMOLED с разрешением 466 × 466 точек.
Устройство способно отслеживать изменения частоты сердечных сокращений и определять уровень содержания кислорода в крови. Кроме того, ведётся мониторинг качества и продолжительности сна.
В оснащение входят акселерометр, гироскоп, геомагнитный сенсор, датчик атмосферного давления и датчик освещённости. Есть приёмник спутниковых навигационных систем GPS/Beidou/ГЛОНАСС/Galileo.
Часы поддерживают беспроводную связь Wi-Fi 802.11b/g/n и Bluetooth 5.2. Благодаря герметичному корпусу (5 ATM) устройство не боится погружений под воду на глубину до 50 метров.
Время автономной работы на одной зарядке аккумуляторной батареи достигает 12 дней.
', 10900, 'Авито', 'Смарт-часы Xiaomi Watch S1 Active Чёрные', 'Воронеж', 2);
INSERT INTO public.product (id, date_time, description, price, seller, title, warehouse, category_id) VALUES (1, NULL, 'Модель: Xiaomi Redmi 9A Платформа: Android Операционная система: Android 10.0 Кол-во SIM-карт:2 шт. Тип SIM-карты: Nano-SIM Тип дисплея: HD+ Диагональ дисплея: 6.53 " Разрешение дисплея: 720Х1600 пикс. Процессор: MediaTek Helio G25 Частота процессора: 2000 МГц Кол-во ядер процессора: 8 Видеопроцессор: PowerVR GE8320 Камера (основная):13 Мпикс. Камера (фронтальная): 5 Мпикс. Вспышка: есть Оперативная память: 2 Гб Встроенная память: 32 Гб Слот для карты памяти: да Поддержка карт памяти: microSDHC, microSDXC, объемом до 512 Гб Функция беспроводной зарядки: нет Функция быстрой зарядки: нет Сканер отпечатка пальцев: нет NFC: нет 5G: нет LTE: да Поддерживаемые частотные диапазоны LTE: Band 3, Band 7, Band 20, Band 38, Band 28, Band 40, Band 41, Band 5, Band 1, Band 8 Wi-Fi: 802.11g, 802.11n, 802.11b Поддержка Bluetooth: v5.0 Сенсор распознавания лица: нет Интерфейсы: Wi-Fi, Bluetooth Разъем для синхронизации: microUSB Разъем для наушников: 3.5 мм FM-радио: да GPS/ГЛОНАСС-приемник: GPS, Глонасс, BeiDou, A-GPS Емкость аккумулятора: 5000 мАч Цвет: темно-серый Материал корпуса: пластик Степень защиты: нет Размеры: 77 мм Вес: 194 г 
Комплектация
Комплектация товара Смартфон Xiaomi Redmi 9A 2/32GB Темно-серый зависит от конкретной поставки и может меняться поставщиком без предварительного уведомления!

Redmi 9A
Адаптер питания
Зарядное устройство (5В/2А)
Кабель microUSB
Скрепка для извлечения SIM-карты

Гарантийный талон
Руководство пользователя
Технические характеристики товара могут отличаться от указанных на сайте, уточняйте технические характеристики товара на момент покупки и оплаты. Вся информация на сайте о товарах носит справочный характер и не является публичной офертой в соответствии с пунктом 2 статьи 437 ГК РФ. Убедительно просим Вас при покупке проверять наличие желаемых функций и характеристик.

', 5990, 'ОнлайнТрейд', 'Смартфон Xiaomi Redmi 9A 2/32GB Темно-серый', 'Москва', 1);


--
-- TOC entry 2852 (class 0 OID 33507)
-- Dependencies: 205
-- Data for Name: product_cart; Type: TABLE DATA; Schema: public; Owner: postgres
--

INSERT INTO public.product_cart (id, person_id, product_id) VALUES (21, 2, 2);


--
-- TOC entry 2860 (class 0 OID 0)
-- Dependencies: 198
-- Name: category_id_seq; Type: SEQUENCE SET; Schema: public; Owner: postgres
--

SELECT pg_catalog.setval('public.category_id_seq', 3, true);


--
-- TOC entry 2861 (class 0 OID 0)
-- Dependencies: 200
-- Name: image_id_seq; Type: SEQUENCE SET; Schema: public; Owner: postgres
--

SELECT pg_catalog.setval('public.image_id_seq', 45, true);


--
-- TOC entry 2862 (class 0 OID 0)
-- Dependencies: 206
-- Name: orders_id_seq; Type: SEQUENCE SET; Schema: public; Owner: postgres
--

SELECT pg_catalog.setval('public.orders_id_seq', 4, true);


--
-- TOC entry 2863 (class 0 OID 0)
-- Dependencies: 196
-- Name: person_id_seq; Type: SEQUENCE SET; Schema: public; Owner: postgres
--

SELECT pg_catalog.setval('public.person_id_seq', 2, true);


--
-- TOC entry 2864 (class 0 OID 0)
-- Dependencies: 204
-- Name: product_cart_id_seq; Type: SEQUENCE SET; Schema: public; Owner: postgres
--

SELECT pg_catalog.setval('public.product_cart_id_seq', 21, true);


--
-- TOC entry 2865 (class 0 OID 0)
-- Dependencies: 202
-- Name: product_id_seq; Type: SEQUENCE SET; Schema: public; Owner: postgres
--

SELECT pg_catalog.setval('public.product_id_seq', 9, true);


--
-- TOC entry 2705 (class 2606 OID 33443)
-- Name: category category_pkey; Type: CONSTRAINT; Schema: public; Owner: postgres
--

ALTER TABLE ONLY public.category
    ADD CONSTRAINT category_pkey PRIMARY KEY (id);


--
-- TOC entry 2707 (class 2606 OID 33450)
-- Name: image image_pkey; Type: CONSTRAINT; Schema: public; Owner: postgres
--

ALTER TABLE ONLY public.image
    ADD CONSTRAINT image_pkey PRIMARY KEY (id);


--
-- TOC entry 2715 (class 2606 OID 33528)
-- Name: orders orders_pkey; Type: CONSTRAINT; Schema: public; Owner: postgres
--

ALTER TABLE ONLY public.orders
    ADD CONSTRAINT orders_pkey PRIMARY KEY (id);


--
-- TOC entry 2703 (class 2606 OID 25148)
-- Name: person person_pkey; Type: CONSTRAINT; Schema: public; Owner: postgres
--

ALTER TABLE ONLY public.person
    ADD CONSTRAINT person_pkey PRIMARY KEY (id);


--
-- TOC entry 2713 (class 2606 OID 33511)
-- Name: product_cart product_cart_pkey; Type: CONSTRAINT; Schema: public; Owner: postgres
--

ALTER TABLE ONLY public.product_cart
    ADD CONSTRAINT product_cart_pkey PRIMARY KEY (id);


--
-- TOC entry 2709 (class 2606 OID 33461)
-- Name: product product_pkey; Type: CONSTRAINT; Schema: public; Owner: postgres
--

ALTER TABLE ONLY public.product
    ADD CONSTRAINT product_pkey PRIMARY KEY (id);


--
-- TOC entry 2711 (class 2606 OID 33463)
-- Name: product uk_qka6vxqdy1dprtqnx9trdd47c; Type: CONSTRAINT; Schema: public; Owner: postgres
--

ALTER TABLE ONLY public.product
    ADD CONSTRAINT uk_qka6vxqdy1dprtqnx9trdd47c UNIQUE (title);


--
-- TOC entry 2720 (class 2606 OID 33529)
-- Name: orders fk1b0m4muwx1t377w9if3w6wwqn; Type: FK CONSTRAINT; Schema: public; Owner: postgres
--

ALTER TABLE ONLY public.orders
    ADD CONSTRAINT fk1b0m4muwx1t377w9if3w6wwqn FOREIGN KEY (person_id) REFERENCES public.person(id);


--
-- TOC entry 2717 (class 2606 OID 33469)
-- Name: product fk1mtsbur82frn64de7balymq9s; Type: FK CONSTRAINT; Schema: public; Owner: postgres
--

ALTER TABLE ONLY public.product
    ADD CONSTRAINT fk1mtsbur82frn64de7balymq9s FOREIGN KEY (category_id) REFERENCES public.category(id);


--
-- TOC entry 2721 (class 2606 OID 33534)
-- Name: orders fk787ibr3guwp6xobrpbofnv7le; Type: FK CONSTRAINT; Schema: public; Owner: postgres
--

ALTER TABLE ONLY public.orders
    ADD CONSTRAINT fk787ibr3guwp6xobrpbofnv7le FOREIGN KEY (product_id) REFERENCES public.product(id);


--
-- TOC entry 2716 (class 2606 OID 33464)
-- Name: image fkgpextbyee3uk9u6o2381m7ft1; Type: FK CONSTRAINT; Schema: public; Owner: postgres
--

ALTER TABLE ONLY public.image
    ADD CONSTRAINT fkgpextbyee3uk9u6o2381m7ft1 FOREIGN KEY (product_id) REFERENCES public.product(id);


--
-- TOC entry 2719 (class 2606 OID 33517)
-- Name: product_cart fkhpnrxdy3jhujameyod08ilvvw; Type: FK CONSTRAINT; Schema: public; Owner: postgres
--

ALTER TABLE ONLY public.product_cart
    ADD CONSTRAINT fkhpnrxdy3jhujameyod08ilvvw FOREIGN KEY (product_id) REFERENCES public.product(id);


--
-- TOC entry 2718 (class 2606 OID 33512)
-- Name: product_cart fksgnkc1ko2i1o9yr2p63ysq3rn; Type: FK CONSTRAINT; Schema: public; Owner: postgres
--

ALTER TABLE ONLY public.product_cart
    ADD CONSTRAINT fksgnkc1ko2i1o9yr2p63ysq3rn FOREIGN KEY (person_id) REFERENCES public.person(id);


-- Completed on 2022-12-11 19:10:31

--
-- PostgreSQL database dump complete
--

